"ID_INMUEBLE";"TIPO_INMUEBLE";"USO";"NOMBRE_URBANIZACION";"DIRECCION";"PRECIO";"AREA";"HABITACIONES";"BANOS";"BALCON";"PARQUEADERO";"CUARTO_UTIL";"COCINA_ABIERTA";"PISCINA";"SALON_SOCIAL";"ZONAS_COMUNES";"PETFRIENDLY";"SENDEROS_ECOLOGICOS";"ANTIGUEDAD";"ZONAS_HUMEDAS";"PORTERIA";"ESTRATO";"RANGO";"CONSTRUCTORA";"NUMERO_CONTACTO";"CORREO_CONTACTO";"PAGINA_PROYECTO";"CODIGO_INMUEBLE";"CODIGO_INMUEBLE_FOTO";"RUTA_INMUEBLE_FOTO";"ID_BARRIO"
1;"Apartamento";"Compra ";"PASEO DEL PARQUE ET2 TR2";"CALLE 2B # 81 A - 460 (PROVISIONAL)";179415600;"66";"3";"2";"SI";"SI";"SI";"";"SI";"SI";"SI";"SI";"NO";"NUEVO ";"NO";"SI";"4";"MAYOR A VIS";"OPTIMA S.A.";"";"";"";0;1;"http://s3.amazonaws.com/divergentedev/resources/1.jpg";25
2;"Apartamento";"Compra ";"TERRITORIO VERDE TR-1 (ET-1) Y TR-5 (ET-2)";"CALLE 36 X CARRERA 70 PARAJE SAN JOSE";116300000;"55";"3";"1";"SI";"SI";"SI";"";"SI";"SI";"SI";"NO";"SI";"NUEVO ";"NO";"SI";"3";"VIS";"ACIERTO INMOBILIARIO S.A.";"";"";"";0;2;"http://s3.amazonaws.com/divergentedev/resources/2.jpg";443
3;"Apartamento";"Compra ";"AMSTERDAM TORRE 2";"CALLE 5 No.25-98 (PROVISIONAL)";808920000;"168";"3";"3";"SI";"SI";"SI";"";"SI";"SI";"SI";"NO";"NO";"NUEVO ";"SI";"SI";"6";"MAYOR A VIS";"SOLUCIONES CIVILES S.A.";"";"";"";0;3;"http://s3.amazonaws.com/divergentedev/resources/3.png";74
4;"Apartamento";"Compra ";"TERRITORIO AURORA SUBET A-VIII TRS 1,2,3";"CALLE 64 98-48 (PROVISIONAL)";63550153;"42";"3";"1";"NO";"SI";"NO";"";"NO";"NO";"NO";"NO";"NO";"NUEVO ";"NO";"SI";"3";"VIS";"ACIERTO INMOBILIARIO S.A.";"";"";"";0;4;"http://s3.amazonaws.com/divergentedev/resources/4.jpg";189
5;"Apartamento";"Compra ";"TORRE LOS ÁNGELES";"CARRERA 46 # 15 SUR - 54 (PROVISIONAL)";494126000;"107";"3";"3";"SI";"SI";"NO";"SI";"SI";"SI";"SI";"NO";"NO";"NUEVO ";"SI";"SI";"6";"MAYOR A VIS";"CASA S.A.";"";"";"";0;5;"http://s3.amazonaws.com/divergentedev/resources/5.jpg";74
6;"Apartamento";"Compra ";"CUARZO ET2 TR2";"CARRERA 77 CON CALLE 60 (PROVISIONAL)";146400000;"48";"2";"2";"SI";"NO";"SI";"NO";"SI";"SI";"SI";"NO";"NO";"NUEVO ";"SI";"SI";"4";"MAYOR A VIS";"CONSTRUCTORA CAPITAL MEDELLÍN SAS";"";"";"";0;6;"http://s3.amazonaws.com/divergentedev/resources/6.jpg";210
7;"Apartamento";"Compra ";"ENSENADA TORRE 1";"CRA 59 X CL 27B";126000000;"50";"3";"2";"SI";"SI";"SI";"";"SI";"SI";"SI";"NO";"NO";"NUEVO ";"NO";"SI";"4";"MAYOR A VIS";"BIENES Y BIENES S.A.";"";"";"";0;7;"http://s3.amazonaws.com/divergentedev/resources/7.jpg";444
8;"Apartamento";"Compra ";"MELIER TR 1";"CRA 27 B No 37 b sur -73";727279447;"169";"3";"3";"SI";"SI";"NO";"SI";"SI";"SI";"SI";"NO";"NO";"NUEVO ";"SI";"SI";"5";"MAYOR A VIS";"ARQUITECTURA Y CONCRETO";"";"";"";0;8;"http://s3.amazonaws.com/divergentedev/resources/8.jfif";445
9;"Apartamento";"Compra ";"ENSENADA TORRE 1";"CRA 59 X CL 27B";126000000;"50";"3";"2";"SI";"SI";"SI";"SI";"SI";"SI";"SI";"NO";"NO";"NUEVO ";"NO";"SI";"4";"MAYOR A VIS";"BIENES Y BIENES S.A.";"";"";"";0;9;"http://s3.amazonaws.com/divergentedev/resources/9.jpg";444
10;"Apartamento";"Compra ";"PERLATO ET4 TR4";"CALLE 63 # 76-55";287100000;"90";"3";"2";"SI";"SI";"SI";"SI";"SI";"SI";"SI";"NO";"NO";"NUEVO ";"SI";"SI";"4";"MAYOR A VIS";"CONST CAPITAL MEDELLÍN SAS";"";"";"";0;10;"http://s3.amazonaws.com/divergentedev/resources/10.jpg";210
11;"Apartamento";"Compra ";"RESERVA DEL BOSQUE TORRE 1";"CARRERA 53A No. 50-89 (CURADURIA)";195100000;"57";"2";"2";"SI";"SI";"SI";"SI";"SI";"SI";"SI";"NO";"NO";"NUEVO ";"NO";"SI";"4";"MAYOR A VIS";"B&B CONSTRUCTORES S.A.";"";"";"";0;11;"http://s3.amazonaws.com/divergentedev/resources/11.jpg";447
12;"Apartamento";"Compra ";"TIERRA GRATA EL ESMERALDAL TORRE 4";"CALLE 27 SUR # 27-92";257966200;"68";"2";"2";"SI";"SI";"NO";"SI";"SI";"SI";"SI";"SI";"NO";"NUEVO ";"SI";"SI";"5";"MAYOR A VIS";"JAVIER LONDOÑO S.A.";"";"";"";0;12;"http://s3.amazonaws.com/divergentedev/resources/12.jpg";272
15;"Apartamento";"Compra ";"EDIFICIO QUARTIER";"CALLE 7 SUR # 25-100";244800000;"48";"1";"1";"NO";"SI";"SI";"SI";"SI";"SI";"SI";"SI";"NO";"NUEVO ";"SI";"SI";"6";"MAYOR A VIS";"OK CONSTRUCCIONES S.A.S.";"";"";"";0;15;"http://s3.amazonaws.com/divergentedev/resources/15.png";74
16;"Apartamento";"Compra ";"RESERVA DEL PARQUE TORRE 2";"CARRERA 53A No. 50-89 (POR CURADURIA)";190167500;"62";"2";"2";"SI";"SI";"SI";"SI";"SI";"SI";"SI";"NO";"NO";"NUEVO ";"NO";"SI";"4";"MAYOR A VIS";"B&B CONSTRUCTORES S.A.";"";"";"";0;16;"http://s3.amazonaws.com/divergentedev/resources/16.jpg";447
17;"Apartamento";"Compra ";"OLIVE COUNTRY LIVING SUITES";"KILOMETRO 11 VARIANTE LAS PALMAS";282758279;"41";"1";"2";"SI";"SI";"NO";"SI";"NO";"NO";"SI";"SI";"NO";"NUEVO ";"NO";"SI";"6";"DIF DE VIVIENDA";"E & D";"";"";"";0;17;"http://s3.amazonaws.com/divergentedev/resources/17.jfif";150
18;"Apartamento";"Compra ";"SKY PARK";"CALLE 30 A No 69-79";289368132;"75";"2";"2";"SI";"SI";"SI";"SI";"NO";"SI";"SI";"NO";"NO";"NUEVO ";"NO";"SI";"4";"MAYOR A VIS";"URCO S.A";"";"";"";0;18;"http://s3.amazonaws.com/divergentedev/resources/18.jpg";25
19;"Casa";"Compra ";"AVELLANO DE LA CALLEJA";"CRA 43 A CON CALLE 26 SUR";1823800000;"283";"3";"3";"SI";"SI";"SI";"SI";"SI";"SI";"SI";"NO";"NO";"NUEVO ";"SI";"SI";"6";"MAYOR A VIS";"ARQUITECTURA Y CONCRETO S.A.S.";"";"";"";0;19;"http://s3.amazonaws.com/divergentedev/resources/19.jpg";449
21;"Apartamento";"Compra ";"SALAMANCA APARTAMENTOS";"CARRERA 29 # 9 SUR - 45";635510000;"123";"3";"2";"SI";"SI";"NO";"SI";"SI";"SI";"SI";"NO";"NO";"NUEVO ";"SI";"SI";"6";"MAYOR A VIS";"MÉNSULA S.A.";"";"";"";0;21;"http://s3.amazonaws.com/divergentedev/resources/21.jpg";74
22;"Apartamento";"Compra ";"TURMALINA ET2 TR2";"CALLE 63 # 77-41 (PROVISIONAL)";176000000;"55";"3";"2";"SI";"SI";"SI";"SI";"SI";"SI";"SI";"NO";"NO";"NUEVO ";"SI";"SI";"4";"MAYOR A VIS";"CONSTRUCTORA CAPITAL MEDELLÍN SAS";"";"";"";0;22;"http://s3.amazonaws.com/divergentedev/resources/22.jpg";210
23;"Apartamento";"Compra ";"VILLA DEL PARQUE TORRE 1 (ET 1)";"CALLE 36 #56-22";110500000;"51";"3";"1";"SI";"SI";"NO";"SI";"SI";"SI";"SI";"NO";"NO";"NUEVO ";"SI";"SI";"3";"MAYOR A VIS";"SOLUCIONES CIVILES";"";"";"";0;23;"";346
26;"Apartamento";"Compra ";"CITARK TR2 ET2";"CALLE 5 SUR # 25 - 199 (PROVISIONAL)";277200000;"63";"1";"2";"SI";"SI";"SI";"SI";"SI";"SI";"SI";"NO";"NO";"NUEVO ";"SI";"SI";"6";"MAYOR A VIS";"CONSTRUCTORA CAPITAL MEDELLIN SAS";"";"";"";0;26;"http://s3.amazonaws.com/divergentedev/resources/26.jpg";74
27;"Apartamento";"Compra ";"MI MUNDO ETAPA 1 TORRE 1 SUBETAPA 1A";"AV. 32 #67-80";104166667;"55";"3";"2";"SI";"SI";"SI";"SI";"SI";"SI";"SI";"NO";"NO";"NUEVO ";"SI";"SI";"3";"VIS";"ACIERTO INMOBILIARIO SA";"";"";"";0;27;"http://s3.amazonaws.com/divergentedev/resources/27.jpg";450
29;"Apartamento";"Compra ";"LA RIVIERE ETAPA 1";"CARRERA 43B X CALLE 20 (PROVISIONAL)";229000000;"40";"1";"1";"SI";"SI";"SI";"SI";"SI";"SI";"SI";"NO";"SI";"NUEVO ";"SI";"SI";"6";"MAYOR A VIS";"CONINSA RAMON H";"";"";"";0;29;"http://s3.amazonaws.com/divergentedev/resources/29.jpg";456
30;"Apartamento";"Compra ";"ARIZÁ ETAPA 2";"CARRERA 50D # 75 AA SUR - 221";244200000;"66";"2";"2";"";"";"";"";"";"";"";"";"";"NUEVO ";"";"";"4";"MAYOR A VIS";"CONALTURA S.A.";"";"";"";0;30;"http://s3.amazonaws.com/divergentedev/resources/30.jpg";451
32;"Apartamento";"Compra ";"MIRASOL ETAPA 3 TORRE 2";"CALLE 76 ENTRE CARRERA 47 Y 49A (PROVISIONAL - BELLO ANTIOQUIA)";90763200;"54";"";"";"";"";"";"";"";"";"";"";"";"NUEVO ";"";"";"3";"VIS";"CONALTURA S.A.";"";"";"";0;32;"http://s3.amazonaws.com/divergentedev/resources/32.jpg";452
33;"Apartamento";"Compra ";"VIERZO LIVINGS";"CALLE 17 CON CARRERA 27 A";562156926;"102";"";"";"";"";"";"";"";"";"";"";"";"NUEVO ";"";"";"6";"MAYOR A VIS";"CONINTEL S.A";"";"";"";0;33;"";74
34;"Apartamento";"Compra ";"YORK SUITES";"KRA 43 A No 17 SUR 63";285527707;"44";"";"";"";"";"";"";"";"";"";"";"";"NUEVO ";"";"";"6";"MAYOR A VIS";"INMOVEL S.A";"";"";"";0;34;"http://s3.amazonaws.com/divergentedev/resources/34.png";74
35;"Apartamento";"Compra ";"OCEANA ETAPA 1 TR 1 Y 2";"CARRERA 50 No 38-201";216385063;"72";"";"";"";"";"";"";"";"";"";"";"";"NUEVO ";"";"";"3";"MAYOR A VIS";"ARQUITECTURA Y CONCRETO S.A.";"";"";"";0;35;"http://s3.amazonaws.com/divergentedev/resources/35.jpg";441
36;"Apartamento";"Compra ";"ST LAURENT ET 1";"Calle 27 D sur #27B 04";587181564;"138";"";"";"";"";"";"";"";"";"";"";"";"NUEVO ";"";"";"6";"MAYOR A VIS";"CONSTRUCTORA ARRECIFES SAS";"";"";"";0;36;"http://s3.amazonaws.com/divergentedev/resources/36.jpg";453
38;"Apartamento";"COMPRA";"";"Av. 33 #75c-145";180000000;"82";"3";"2";"SI";"SI";"NO";"SI";"NO";"NO";"NO";"";"NO";"";"NO";"SI";"5";"";"";"";"";"";0;38;"";454
45;"Apartamento";"Arriendo ";"";"";2400000;"100";"3";"2";"SI";"SI";"SI";"";"SI";"SI";"SI";"";"SI";"";"SI";"";"5";"";"MONOPOLIO INMOBILIARIO";"10101";"";"";0;45;"http://s3.amazonaws.com/divergentedev/resources/45.jpg";277
46;"Apartamento";"Arriendo ";"";"";6500000;"157";"";"2";"";"";"";"";"";"";"";"";"";"";"";"";"";"";"MONOPOLIO INMOBILIARIO";"10097";"";"";0;46;"http://s3.amazonaws.com/divergentedev/resources/46.jpg";15
47;"Apartamento";"Arriendo ";"";"";2900000;"61";"";"1";"";"";"";"";"";"";"";"";"";"";"";"";"";"";"MONOPOLIO INMOBILIARIO";"10096";"";"";0;47;"http://s3.amazonaws.com/divergentedev/resources/47.jpg";169
48;"Apartamento";"Arriendo ";"";"";850000;"20";"4";"1";"NO";"NO";"SI";"NO";"SI";"SI";"NO";"SI";"SI";"10";"NO";"NO";"3";"";"MONOPOLIO INMOBILIARIO";"10095";"";"";0;48;"http://s3.amazonaws.com/divergentedev/resources/48.jpg";240
51;"Apartamento";"Arriendo ";"";"";1850000;"90";"3";"2";"SI";"";"";"";"";"";"";"";"";"";"";"";"5";"";"MONOPOLIO INMOBILIARIO";"10047";"";"";0;51;"http://s3.amazonaws.com/divergentedev/resources/51.jpg";153
52;"Apartamento";"Arriendo ";"";"";2300000;"110";"3";"3";"SI";"";"";"";"";"";"";"";"";"";"";"";"";"";"MONOPOLIO INMOBILIARIO";"9947";"";"";0;52;"http://s3.amazonaws.com/divergentedev/resources/52.jpg";153
53;"Apartamento";"Arriendo ";"";"";2000000;"97";"";"2";"";"";"SI";"";"";"";"";"";"";"";"SI";"SI";"5";"";"MONOPOLIO INMOBILIARIO";"9924";"";"https://monopolioinmobiliario.co/apartamento-con-excelente-ubicacion-en-arrendamiento---laureles-cod-9924/9924/detalle";0;53;"http://s3.amazonaws.com/divergentedev/resources/53.jpg";153
54;"Apartamento";"Arriendo ";"";"";2000000;"189";"4";"4";"";"";"";"";"";"";"";"";"";"";"";"";"";"";"MONOPOLIO INMOBILIARIO";"9898";"";"https://monopolioinmobiliario.co/amplio-apartamento-en-arriendo---laureles-cod-9898/9898/detalle";0;54;"http://s3.amazonaws.com/divergentedev/resources/54.jpg";153
55;"Apartamento";"Arriendo ";"";"";2500000;"120";"3";"2";"";"";"";"";"SI";"";"";"";"";"";"SI";"";"";"";"MONOPOLIO INMOBILIARIO";"10046";"";"https://monopolioinmobiliario.co/apartamento-en-arrendamiento---zuniga-envigado-cod-10046/10046/detalle";0;55;"http://s3.amazonaws.com/divergentedev/resources/55.jpg";303
59;"Apartamento";"Arriendo ";"mirador san juaqyin";"circular 1ra #66b 154";1500000;"60";"2";"1";"SI";"NO";"SI";"NO";"NO";"NO";"NO";"NO";"NO";"10";"NO";"SI";"5";"";"";"";"";"https://apartamento.mercadolibre.com.co/MCO-466615523-apartamentos-en-arriendo-_JM";0;59;"";153
60;"Apartamento";"Arriendo ";"3229898 conaltura";"";2500000;"150";"4";"3";"SI";"SI";"SI";"SI";"SI";"SI";"SI";"SI";"SI";"5";"SI";"SI";"6";"";"";"";"";"https://apartamento.mercadolibre.com.co/MCO-467867853-apartamento-en-arriendo-en-medellin-patio-bonito-_JM";0;60;"";193
61;"Apartamento";"Arriendo ";"amoblado";"";1600000;"74";"2";"2";"SI";"SI";"SI";"SI";"SI";"SI";"SI";"NO";"SI";"0";"NO";"SI";"5";"";"";"";"";"https://apartamento.mercadolibre.com.co/MCO-467908981-apartamento-en-arriendo-en-envigado-loma-de-las-brujas-_JM";0;61;"";445
63;"Apartamento";"Arriendo ";"interbienes 4803500 Publicación #468223040";"";2500000;"160";"3";"3";"SI";"SI";"SI";"SI";"NO";"NO";"SI";"SI";"NO";"15";"NO";"SI";"6";"";"";"";"";"https://apartamento.mercadolibre.com.co/MCO-468223040-apartamento-en-arriendo-en-medellin-el-poblado-_JM";0;63;"";74
65;"Apartamento";"Arriendo ";"www.cityraiz.com CODIGO 5988, 47d1 Cl. 80 Sur";"";1350000;"76";"3";"2";"SI";"SI";"SI";"SI";"SI";"SI";"SI";"SI";"SI";"1";"SI";"SI";"3";"";"";"";"";"https://apartamento.mercadolibre.com.co/MCO-467928207-apartamento-en-arriendo-_JM";0;65;"";434
66;"Apartamento";"Arriendo ";"Apartamento En Arriendo En Itagui - San Pablo 3229898 Publicación #468006980";"";1100000;"58";"3";"2";"SI";"SI";"SI";"SI";"SI";"SI";"SI";"SI";"NO";"5";"SI";"SI";"3";"";"";"";"";"https://apartamento.mercadolibre.com.co/MCO-468006980-apartamento-en-arriendo-en-itagui-san-pablo-_JM";0;66;"";344
67;"Apartamento";"Arriendo ";"info 3182066519";"";950000;"66";"2";"2";"SI";"NO";"SI";"NO";"NO";"SI";"NO";"NO";"NO";"33";"NO";"NO";"5";"";"";"";"";"https://apartamento.mercadolibre.com.co/MCO-468001287-apartamento-en-arriendo-_JM";0;67;"";240
68;"Apartamento";"Arriendo ";"";"";1200000;"68";"3";"2";"SI";"NO";"SI";"NO";"NO";"SI";"SI";"NO";"SI";"32";"NO";"SI";"4";"";"";"";"";"https://apartamento.mercadolibre.com.co/MCO-467878786-apartamento-en-arriendo-_JM";0;68;"";442
79;"Apartamento";"Arriendo ";"";"";2250000;"130";"4";"3";"SI";"SI";"SI";"SI";"SI";"";"SI";"";"SI";"";"SI";"SI";"";"";"NEW HOUSE 1891";"";"";"";0;79;"";74
80;"Apartamento";"Arriendo ";"";"";2500000;"96";"3";"3";"SI";"SI";"SI";"SI";"SI";"";"SI";"";"SI";"";"SI";"SI";"";"";"NEW HOUSE 1890";"";"";"";0;80;"";74
81;"Apartamento";"Arriendo ";"";"";2600000;"123";"4";"3";"SI";"SI";"SI";"SI";"SI";"";"SI";"";"SI";"";"";"SI";"";"";"NEW HOUSE 1889";"";"";"";0;81;"";74
82;"Apartamento";"Arriendo ";"";"";2600000;"130";"4";"3";"SI";"SI";"SI";"SI";"SI";"SI";"SI";"";"SI";"";"SI";"SI";"";"";"NEW HOUSE 1888";"";"";"";0;82;"";74
83;"Apartamento";"Arriendo ";"";"";1800000;"78";"2";"2";"SI";"SI";"SI";"";"SI";"";"SI";"SI";"SI";"";"";"SI";"";"";"NEW HOUSE 1879";"";"";"";0;83;"";74
84;"Apartamento";"Arriendo ";"";"";2000000;"110";"5";"4";"SI";"";"SI";"";"";"NO";"SI";"";"SI";"";"";"SI";"";"";"NEW HOUSE 1877";"";"";"";0;84;"";74
85;"Apartamento";"Arriendo ";"";"";3500000;"125";"2";"4";"SI";"SI";"SI";"SI";"SI";"";"SI";"SI";"SI";"";"SI";"SI";"";"";"NEW HOUSE 1874";"";"";"";0;85;"";74
86;"Apartamento";"Arriendo ";"";"";1900000;"57";"1";"2";"SI";"SI";"SI";"SI";"SI";"";"SI";"SI";"SI";"";"SI";"SI";"";"";"NEW HOUSE 1872";"";"";"";0;86;"";74
87;"Apartamento";"Arriendo ";"";"";2700000;"109";"2";"3";"SI";"SI";"SI";"SI";"SI";"";"SI";"SI";"SI";"";"SI";"SI";"";"";"NEW HOUSE 1871";"";"";"";0;87;"";74
88;"Apartamento";"Arriendo ";"";"";2000000;"100";"4";"5";"SI";"";"SI";"";"";"";"SI";"";"SI";"";"";"SI";"";"";"NEW HOUSE 1869";"";"";"";0;88;"";74
89;"Apartamento";"Arriendo ";"";"";3000000;"136";"3";"4";"SI";"SI";"SI";"";"SI";"";"SI";"";"SI";"";"SI";"SI";"";"";"NEW HOUSE 1868";"";"";"";0;89;"";74
137;"Apartamento";"Arriendo ";"";"";2250000;"130";"4";"3";"SI";"SI";"SI";"SI";"SI";"";"SI";"";"SI";"";"SI";"SI";"";"";"NEW HOUSE 1891";"";"";"";0;137;"";74
138;"Apartamento";"Arriendo ";"";"";2500000;"96";"3";"3";"SI";"SI";"SI";"SI";"SI";"";"SI";"";"SI";"";"SI";"SI";"";"";"NEW HOUSE 1890";"";"";"";0;138;"";74
139;"Apartamento";"Arriendo ";"";"";2600000;"123";"4";"3";"SI";"SI";"SI";"SI";"SI";"";"SI";"";"SI";"";"";"SI";"";"";"NEW HOUSE 1889";"";"";"";0;139;"";74
140;"Apartamento";"Arriendo ";"";"";2600000;"130";"4";"3";"SI";"SI";"SI";"SI";"SI";"";"SI";"";"SI";"";"SI";"SI";"";"";"NEW HOUSE 1888";"";"";"";0;140;"";74
141;"Apartamento";"Arriendo ";"";"";1800000;"78";"2";"2";"SI";"SI";"SI";"";"SI";"";"SI";"SI";"SI";"";"";"SI";"";"";"NEW HOUSE 1879";"";"";"";0;141;"";74
142;"Apartamento";"Arriendo ";"";"";2000000;"110";"5";"4";"SI";"";"SI";"";"";"";"SI";"";"SI";"";"";"SI";"";"";"NEW HOUSE 1877";"";"";"";0;142;"";74
143;"Apartamento";"Arriendo ";"";"";3500000;"125";"2";"4";"SI";"SI";"SI";"SI";"SI";"";"SI";"";"SI";"";"SI";"SI";"";"";"NEW HOUSE 1874";"";"";"";0;143;"";74
144;"Apartamento";"Arriendo ";"";"";1900000;"57";"1";"2";"SI";"SI";"SI";"SI";"SI";"";"SI";"";"SI";"";"SI";"SI";"";"";"NEW HOUSE 1872";"";"";"";0;144;"";74
145;"Apartamento";"Arriendo ";"";"";2700000;"109";"2";"3";"SI";"SI";"SI";"SI";"SI";"";"SI";"";"SI";"";"SI";"SI";"";"";"NEW HOUSE 1871";"";"";"";0;145;"";74
146;"Apartamento";"Arriendo ";"";"";2000000;"100";"4";"5";"SI";"";"SI";"";"";"";"SI";"";"SI";"";"";"SI";"";"";"NEW HOUSE 1869";"";"";"";0;146;"";74
147;"Apartamento";"Arriendo ";"";"";3000000;"136";"3";"4";"SI";"SI";"SI";"";"SI";"";"SI";"";"SI";"";"SI";"SI";"";"";"NEW HOUSE 1868";"";"";"";0;147;"";74
148;"Apartamento";"Arriendo ";"";"";3200000;"56";"1";"2";"SI";"SI";"SI";"SI";"SI";"SI";"SI";"";"";"";"SI";"SI";"6";"";"NEW HOUSE 1857";"";"";"";0;148;"";74
149;"Apartamento";"Arriendo ";"";"";3200000;"143";"4";"4";"SI";"SI";"SI";"";"SI";"";"SI";"";"SI";"";"SI";"SI";"";"";"NEW HOUSE 1856";"";"";"";0;149;"http://s3.amazonaws.com/divergentedev/resources/149.jpg";74
150;"Apartamento";"Arriendo ";"";"";2200000;"86";"2";"3";"SI";"SI";"SI";"SI";"SI";"";"SI";"";"SI";"";"SI";"SI";"";"";"NEW HOUSE 1855";"";"";"";0;150;"";74
151;"Apartamento";"Arriendo ";"";"";2200000;"94";"2";"2";"SI";"SI";"SI";"SI";"SI";"";"SI";"";"SI";"";"SI";"SI";"";"";"NEW HOUSE 1508";"";"";"";0;151;"";74
152;"Apartamento";"Arriendo ";"";"";2650000;"126";"4";"3";"SI";"SI";"SI";"SI";"SI";"";"SI";"";"SI";"";"SI";"SI";"";"";"NEW HOUSE 1813";"";"";"";0;152;"";74
153;"Apartamento";"Arriendo ";"";"";2800000;"148";"4";"3";"SI";"SI";"SI";"SI";"SI";"";"SI";"";"SI";"";"SI";"SI";"";"";"NEW HOUSE 1791";"";"";"";0;153;"";74
154;"Casa";"Arriendo ";"";"";5500000;"380";"5";"6";"SI";"";"SI";"";"";"";"SI";"";"SI";"";"";"SI";"";"";"NEW HOUSE 1380";"";"";"";0;154;"";74
155;"Casa";"Arriendo ";"";"";6500000;"320";"4";"6";"SI";"SI";"SI";"SI";"SI";"";"SI";"";"SI";"";"";"SI";"";"";"NEW HOUSE 0792";"";"";"";0;155;"";74
156;"Casa";"Arriendo ";"";"";6000000;"250";"5";"5";"SI";"SI";"SI";"";"SI";"";"SI";"";"SI";"";"SI";"SI";"";"";"NEW HOUSE 1779";"";"";"";0;156;"http://s3.amazonaws.com/divergentedev/resources/156.jpg";74
157;"Apartamento";"Arriendo ";"";"";1800000;"76";"2";"2";"SI";"SI";"SI";"SI";"SI";"";"SI";"";"SI";"";"SI";"SI";"";"";"NEW HOUSE 1787";"";"";"";0;157;"";74
158;"Apartamento";"Arriendo ";"";"";1850000;"76";"2";"2";"SI";"SI";"SI";"";"SI";"";"SI";"";"SI";"";"SI";"SI";"";"";"NEW HOUSE 1786";"";"";"";0;158;"";74
159;"Apartamento";"Arriendo ";"";"";1900000;"75";"2";"2";"SI";"SI";"SI";"SI";"";"";"SI";"";"SI";"";"";"SI";"";"";"NEW HOUSE 1768";"";"";"";0;159;"";74
160;"Apartamento";"Arriendo ";"";"";4000000;"135";"3";"3";"SI";"SI";"SI";"SI";"SI";"";"SI";"NO";"SI";"";"SI";"SI";"";"";"NEW HOUSE 1661";"";"";"";0;160;"http://s3.amazonaws.com/divergentedev/resources/160.jpg";74
161;"Apartamento";"Arriendo ";"";"";1950000;"80";"2";"2";"SI";"SI";"SI";"";"SI";"";"SI";"";"SI";"";"SI";"SI";"";"";"NEW HOUSE 1654";"";"";"";0;161;"";74
162;"Apartamento";"Arriendo ";"";"";6000000;"598";"5";"6";"SI";"SI";"SI";"";"SI";"";"SI";"";"SI";"";"SI";"SI";"";"";"NEW HOUSE 1549";"";"";"";0;162;"";74
163;"Apartamento";"Arriendo ";"";"";2800000;"96";"2";"2";"SI";"SI";"SI";"SI";"SI";"";"SI";"";"SI";"";"SI";"SI";"";"";"NEW HOUSE 1508";"";"";"";0;163;"";74
164;"Apartamento";"Arriendo ";"";"";7500000;"220";"4";"4";"SI";"SI";"SI";"SI";"SI";"";"SI";"";"SI";"";"SI";"SI";"";"";"NEW HOUSE 1484";"";"";"";0;164;"";74
165;"Apartamento";"Arriendo ";"";"";3500000;"110";"2";"3";"SI";"SI";"SI";"SI";"SI";"";"SI";"";"SI";"";"SI";"SI";"";"";"NEW HOUSE 1427";"";"";"";0;165;"";74
166;"Apartamento";"Arriendo ";"";"";6000000;"320";"4";"5";"SI";"SI";"SI";"";"SI";"";"SI";"";"SI";"";"SI";"SI";"";"";"NEW HOUSE 1395";"";"";"";0;166;"";74
167;"Apartamento";"Arriendo ";"";"";3000000;"153";"4";"4";"SI";"SI";"SI";"";"SI";"";"SI";"";"SI";"";"";"SI";"";"";"NEW HOUSE 1336";"";"";"";0;167;"";74
168;"Apartamento";"Arriendo ";"";"";3200000;"145";"4";"4";"SI";"SI";"SI";"";"SI";"";"SI";"";"SI";"";"SI";"SI";"";"";"NEW HOUSE 1092";"";"";"";0;168;"";74
169;"Apartamento";"Arriendo ";"";"";1050000;"65";"3";"2";"SI";"NO";"SI";"NO";"SI";"SI";"SI";"SI";"NO";"5";"NO";"NO";"5";"";"RAMON H";"3152571526";"";"https://www.coninsa.co/arriendo-apartamento-medellin-16702";0;169;"http://s3.amazonaws.com/divergentedev/resources/169.jpg";25
170;"Apartamento";"Arriendo ";"";"";3000000;"80";"2";"2";"SI";"SI";"SI";"SI";"SI";"SI";"NO";"NO";"NO";"";"NO";"SI";"5";"";"RAMON H";"3152571526";"";"https://www.coninsa.co/arriendo-apartamento-medellin-17139";0;170;"http://s3.amazonaws.com/divergentedev/resources/170.jpg";74
171;"Casa";"Arriendo ";"";"";6000000;"250";"3";"2";"SI";"SI";"NO";"SI";"NO";"SI";"SI";"NO";"NO";"";"NO";"SI";"6";"";"RAMON H";"3152571526";"";"https://www.coninsa.co/arriendo-casa-medellin-41923";0;171;"http://s3.amazonaws.com/divergentedev/resources/171.jpg";74
172;"Apartamento";"Arriendo ";"";"";3500000;"111";"2";"3";"SI";"SI";"SI";"SI";"SI";"SI";"SI";"NO";"NO";"";"SI";"SI";"6";"";"RAMON H";"3152571526";"";"https://www.coninsa.co/arriendo-apartamento-medellin-40546";0;172;"http://s3.amazonaws.com/divergentedev/resources/172.jpg";74
173;"Apartamento";"Arriendo ";"";"";1100000;"65";"3";"2";"SI";"SI";"NO";"SI";"SI";"SI";"SI";"NO";"NO";"";"SI";"SI";"5";"";"RAMON H";"3152571526";"";"https://www.coninsa.co/arriendo-apartamento-medellin-16702";0;173;"";25
174;"Apartamento";"Arriendo ";"";"";1200000;"64";"3";"2";"NO";"SI";"NO";"SI";"";"";"";"NO";"NO";"";"";"SI";"4";"";"RAMON H";"3152571526";"";"https://www.coninsa.co/arriendo-apartamento-medellin-16463";0;174;"http://s3.amazonaws.com/divergentedev/resources/174.jpg";25
176;"Apartamento";"Arriendo ";"";"";1500000;"40";"1";"1";"NO";"SI";"NO";"SI";"NO";"SI";"SI";"NO";"NO";"";"SI";"SI";"5";"";"RAMON H";"3152571526";"";"https://www.coninsa.co/arriendo-apartamento-medellin-31682";0;176;"http://s3.amazonaws.com/divergentedev/resources/176.jpg";153
177;"Apartamento";"Arriendo ";"";"";2500000;"190";"3";"5";"NO";"SI";"NO";"SI";"NO";"NO";"NO";"NO";"NO";"";"NO";"SI";"5";"";"RAMON H";"3152571526";"";"https://www.coninsa.co/arriendo-apartamento-medellin-40457";0;177;"http://s3.amazonaws.com/divergentedev/resources/177.jpg";153
178;"Apartamento";"Arriendo ";"";"";600000;"33";"1";"2";"NO";"NO";"NO";"SI";"NO";"SI";"NO";"NO";"NO";"";"NO";"SI";"3";"";"RAMON H";"3152571526";"";"https://www.coninsa.co/arriendo-apartamento-medellin-11413";0;178;"http://s3.amazonaws.com/divergentedev/resources/178.jpg";414
179;"Apartamento";"Arriendo ";"";"";4000000;"200";"6";"4";"NO";"No";"NO";"SI";"NO";"NO";"NO";"NO";"NO";"";"NO";"NO";"5";"";"RAMON H";"3152571526";"";"https://www.coninsa.co/arriendo-casa-medellin-41181";0;179;"http://s3.amazonaws.com/divergentedev/resources/179.jpg";164
180;"Apartamento";"Arriendo";"";"";1100000;"70";"4";"2";"NO";"SI";"SI";"SI";"SI";"SI";"NO";"SI";"SI";"14";"NO";"NO";"4";"";"RAMON H";"3152571526";"";"https://www.coninsa.co/arriendo-apartamento-medellin-41455";0;180;"http://s3.amazonaws.com/divergentedev/resources/180.jpg";355
181;"Apartamento";"Arriendo ";"";"";1866000;"93";"2";"3";"NO";"SI";"NO";"SI";"NO";"NO";"NO";"NO";"NO";"";"NO";"NO";"5";"";"RAMON H";"3152571526";"";"https://www.coninsa.co/arriendo-apartamento-medellin-40720";0;181;"http://s3.amazonaws.com/divergentedev/resources/181.jpg";90
186;"Casa";"Arriendo ";"";"";14500000;"600";"3";"5";"SI";"SI";"SI";"SI";"NO";"NO";"SI";"NO";"NO";"";"NO";"SI";"6";"";"RAMON H";"3152571526";"";"https://www.coninsa.co/arriendo-casa-medellin-41940";0;186;"http://s3.amazonaws.com/divergentedev/resources/186.jpg";74
187;"Apartamento";"Arriendo ";"";"";3500000;"111";"2";"3";"SI";"SI";"SI";"SI";"SI";"SI";"SI";"NO";"NO";"";"SI";"SI";"6";"";"RAMON H";"3152571526";"";"https://www.coninsa.co/arriendo-apartamento-medellin-40546";0;187;"http://s3.amazonaws.com/divergentedev/resources/187.jpg";74
188;"Apartamento";"Arriendo ";"";"";2200000;"87";"3";"2";"SI";"SI";"NO";"SI";"SI";"SI";"SI";"NO";"NO";"";"NO";"SI";"6";"";"RAMON H";"3152571526";"";"https://www.coninsa.co/arriendo-apartamento-medellin-40992";0;188;"http://s3.amazonaws.com/divergentedev/resources/188.jpg";74
189;"Casa";"Habitat_compartida";"Casa Unicentro";"";400000;"";"1";"1";"SI";"NO";"NO";"";"NO";"SI";"SI";"";"";"";"";"";"";"";"PANGEA VIVIENDAS ";"3114037266";"";"www.pangeaviviendas.com.co";0;189;"http://s3.amazonaws.com/divergentedev/resources/189.jpg";32
190;"Casa";"Habitat_compartida";"Casa Malibu ";"";400000;"";"1";"1";"NO";"NO";"NO";"";"NO";"SI";"SI";"";"";"";"";"";"";"";"PANGEA VIVIENDAS ";"3114037267";"";"www.pangeaviviendas.com.co";0;190;"http://s3.amazonaws.com/divergentedev/resources/190.jpg";320
191;"Casa";"Habitat_compartida";"Casa Patio Bonito ";"";800000;"60";"1";"1";"NO";"SI";"SI";"NO";"SI";"SI";"SI";"SI";"SI";"5";"NO";"NO";"6";"";"PANGEA VIVIENDAS ";"3114037268";"";"www.pangeaviviendas.com.co";0;191;"http://s3.amazonaws.com/divergentedev/resources/191.jpg";193
192;"Casa";"Habitat_compartida";"Casa Éxito Laureles ";"";600000;"";"1";"1";"SI";"NO";"NO";"";"NO";"SI";"SI";"";"";"";"";"";"";"";"PANGEA VIVIENDAS ";"3114037269";"";"www.pangeaviviendas.com.co";0;192;"http://s3.amazonaws.com/divergentedev/resources/192.jpg";153
193;"Casa";"Habitat_compartida";"Apartamento Guadual ";"";800000;"";"1";"1";"NO";"NO";"SI";"";"NO";"SI";"SI";"";"SI";"";"";"";"";"";"PANGEA VIVIENDAS ";"3114037270";"";"www.pangeaviviendas.com.co";0;193;"http://s3.amazonaws.com/divergentedev/resources/193.jpg";228
196;"Apartamento";"Compra usados";"";"";230000000;"70";"2";"2";"SI";"SI";"";"";"";"";"";"";"SI";"";"";"";"";"";"MONOPOLIO INMOBILIARIO";"";"";"https://monopolioinmobiliario.co/apartamento-para-vender-en-medellin-sector-laureles-cod-8901/8901/detalle";8901;196;"http://s3.amazonaws.com/divergentedev/resources/196.jpg";153
197;"Apartamento";"Compra usados";"";"";245000000;"72";"2";"2";"SI";"SI";"";"";"";"";"";"";"";"";"";"";"5";"";"MONOPOLIO INMOBILIARIO";"";"";"https://monopolioinmobiliario.co/apartamento-para-la-venta-en-laureles-el-nogal-cod-8423/8423/detalle";8423;197;"http://s3.amazonaws.com/divergentedev/resources/197.jpg";153
198;"Apartamento";"Compra usados";"";"";270000000;"86";"3";"3";"SI";"SI";"";"";"";"";"";"";"";"";"";"SI";"5";"";"MONOPOLIO INMOBILIARIO";"";"";"https://monopolioinmobiliario.co/apartamento-para-la-venta-en-laureles-sector-don-quijote-cod-8420/8420/detalle";8420;198;"http://s3.amazonaws.com/divergentedev/resources/198.jpg";153
199;"Apartamento";"Compra usados";"";"";380000000;"102";"";"2";"";"SI";"SI";"";"";"";"";"";"";"";"";"";"5";"";"MONOPOLIO INMOBILIARIO";"";"";"https://monopolioinmobiliario.co/apartamento-duplex-para-la-venta-en-laureles-cod-2598/2598/detalle";2598;199;"http://s3.amazonaws.com/divergentedev/resources/199.jpg";153
200;"Apartamento";"Compra usados";"";"";350000000;"76";"3";"2";"SI";"SI";"";"";"";"SI";"";"";"SI";"";"SI";"";"5";"";"MONOPOLIO INMOBILIARIO";"";"";"https://monopolioinmobiliario.co/apartamento-para-la-venta-en-medellin-sector-ciudad-del-rio-cod-6858/6858/detalle";6858;200;"http://s3.amazonaws.com/divergentedev/resources/200.jpg";456
201;"Apartamento";"Compra usados";"";"";360000000;"60";"2";"2";"";"SI";"";"";"";"SI";"";"";"SI";"";"";"";"5";"";"MONOPOLIO INMOBILIARIO";"";"";"https://monopolioinmobiliario.co/apartamento-para-la-venta-en-medellin---el-poblado-cod-7830/7830/detalle";7830;201;"http://s3.amazonaws.com/divergentedev/resources/201.jpg";74
202;"Apartamento";"Compra usados";"";"";360000000;"100";"3";"2";"SI";"SI";"";"";"";"";"SI";"";"SI";"";"";"";"5";"";"MONOPOLIO INMOBILIARIO";"";"";"https://monopolioinmobiliario.co/apartamento-en-venta---el-poblado-alejandria-cod-9938/9938/detalle";9938;202;"http://s3.amazonaws.com/divergentedev/resources/202.jpg";2
203;"Casa";"Compra usados";"";"";2300000000;"330";"4";"5";"SI";"SI";"";"SI";"";"";"";"";"SI";"";"";"";"5";"";"MONOPOLIO INMOBILIARIO";"";"";"https://monopolioinmobiliario.co/casa-para-la-venta-en-medellin-el-poblado-cod-8584/8584/detalle";8584;203;"http://s3.amazonaws.com/divergentedev/resources/203.jpg";74
204;"Apartamento";"Compra usados";"";"";1390000000;"240";"4";"5";"SI";"SI";"SI";"";"SI";"SI";"SI";"";"SI";"";"SI";"";"6";"";"MONOPOLIO INMOBILIARIO";"";"";"https://monopolioinmobiliario.co/apartamento-para-la-venta-en-el-tesoro-el-poblado-cod-6750/6750/detalle";6750;204;"http://s3.amazonaws.com/divergentedev/resources/204.jpg";82
205;"Apartamento";"Compra usados";"";"";1720000000;"293";"3";"4";"SI";"SI";"SI";"";"SI";"";"";"";"SI";"";"SI";"";"6";"";"MONOPOLIO INMOBILIARIO";"";"";"https://monopolioinmobiliario.co/apartamento-para-la-venta-en-medellin---el-poblado-cod-7562/7562/detalle";7562;205;"http://s3.amazonaws.com/divergentedev/resources/205.jpg";74
253;"Apartamento";"ARRIENDO";"";"";2250000;"130";"3";"3";"SI";"SI";"SI";"SI";"SI";"";"SI";"";"SI";"";"SI";"SI";"";"";"";"";"NEW HOUSE 1891";"";0;253;"";74
254;"Apartamento";"ARRIENDO";"";"";2500000;"96";"3";"3";"SI";"SI";"SI";"SI";"SI";"";"SI";"";"SI";"";"SI";"SI";"";"";"";"";"NEW HOUSE 1890";"";0;254;"";74
255;"Apartamento";"ARRIENDO";"";"";2600000;"123";"3";"3";"SI";"SI";"SI";"SI";"SI";"";"SI";"";"SI";"";"";"SI";"";"";"";"";"NEW HOUSE 1889";"";0;255;"";74
256;"Apartamento";"ARRIENDO";"";"";2600000;"130";"3";"3";"SI";"SI";"SI";"SI";"SI";"";"SI";"";"SI";"";"SI";"SI";"";"";"";"";"NEW HOUSE 1888";"";0;256;"";74
257;"Apartamento";"ARRIENDO";"";"";1800000;"78";"2";"2";"SI";"SI";"SI";"";"SI";"";"SI";"";"SI";"";"";"SI";"";"";"";"";"NEW HOUSE 1879";"";0;257;"";74
258;"Apartamento";"ARRIENDO";"";"";2000000;"110";"4";"4";"SI";"SI";"SI";"";"";"";"SI";"";"SI";"";"";"SI";"";"";"";"";"NEW HOUSE 1877";"";0;258;"";74
259;"Apartamento";"ARRIENDO";"";"";3500000;"125";"2";"4";"SI";"SI";"SI";"SI";"SI";"";"SI";"";"SI";"";"SI";"SI";"";"";"";"";"NEW HOUSE 1874";"";0;259;"";74
260;"Apartamento";"ARRIENDO";"";"";1900000;"57";"1";"2";"SI";"SI";"SI";"SI";"SI";"";"SI";"";"SI";"";"SI";"SI";"";"";"";"";"NEW HOUSE 1872";"";0;260;"";74
261;"Apartamento";"ARRIENDO";"";"";2700000;"109";"2";"3";"SI";"SI";"SI";"SI";"SI";"";"SI";"";"SI";"";"SI";"SI";"";"";"";"";"NEW HOUSE 1871";"";0;261;"";74
262;"Apartamento";"ARRIENDO";"";"";2000000;"100";"3";"5";"SI";"SI";"SI";"";"";"";"SI";"";"SI";"";"";"SI";"";"";"";"";"NEW HOUSE 1869";"";0;262;"";74
263;"Apartamento";"ARRIENDO";"";"";3000000;"136";"3";"4";"SI";"SI";"SI";"";"SI";"";"SI";"";"SI";"";"SI";"SI";"";"";"";"";"NEW HOUSE 1868";"";0;263;"";74
265;"Apartamento";"Compra ";"";"";650000000;"190";"4";"5";"SI";"SI";"SI";"";"";"";"SI";"";"SI";"";"";"SI";"6";"";"NEW HOUSE 1864";"";"";"";0;265;"";74
266;"Apartamento";"Compra ";"";"";420000000;"90";"3";"2";"SI";"SI";"SI";"SI";"SI";"";"SI";"";"SI";"";"SI";"SI";"";"";"NEW HOUSE 1863";"";"";"";0;266;"";74
267;"Apartamento";"Compra ";"";"";640000000;"109";"2";"3";"SI";"SI";"SI";"SI";"";"";"SI";"";"SI";"";"";"SI";"";"";"NEW HOUSE 1852";"";"";"";0;267;"";74
268;"Apartamento";"Compra ";"";"";770000000;"153";"3";"4";"SI";"SI";"SI";"SI";"SI";"";"SI";"";"SI";"";"SI";"SI";"5";"";"NEW HOUSE 1508";"";"";"";0;268;"";74
269;"Apartamento";"Compra ";"";"";885000000;"176";"4";"5";"SI";"SI";"SI";"";"SI";"";"SI";"";"SI";"";"SI";"SI";"6";"";"NEW HOUSE 1808";"";"";"";0;269;"";74
272;"Casa";"Compra ";"";"";330000000;"135";"3";"3";"SI";"SI";"";"";"";"";"SI";"";"SI";"";"";"SI";"5";"";"NEW HOUSE 1784";"";"";"";0;272;"";25
273;"Apartamento";"Compra ";"";"";530000000;"128";"3";"3";"SI";"SI";"SI";"SI";"SI";"";"SI";"";"SI";"";"SI";"SI";"6";"";"NEW HOUSE 1752";"";"";"";0;273;"";74
274;"Apartamento";"Compra ";"";"";1700000000;"420";"4";"6";"SI";"SI";"SI";"";"SI";"";"SI";"";"SI";"";"SI";"SI";"6";"";"NEW HOUSE 1742";"";"";"";0;274;"";74
276;"Apartamento";"Compra ";"";"";165000000;"63";"2";"1";"NO";"SI";"SI";"SI";"SI";"";"SI";"";"SI";"";"SI";"SI";"5";"";"NEW HOUSE 1479";"";"";"";0;276;"";25
280;"Apartamento";"Compra ";"PASEO DEL PARQUE ET2 TR2";"CALLE 2B # 81 A - 460 (PROVISIONAL)";179415600;"66";"3";"2";"SI";"SI";"SI";"NULL";"SI";"SI";"SI";"SI";"NO";"NUEVO ";"NO";"SI";"4";"MAYOR A VIS";"OPTIMA S.A.";"NULL";"NULL";"NULL";0;1;"http://s3.amazonaws.com/divergentedev/resources/1.jpg";25
281;"Apartamento";"Compra ";"LA RIVIERE";"Calle 20 No. 43G - 117";284618897;"42";"1";"1";"SI";"SI";"NULL";"SI";"SI";"SI";"SI";"NULL";"SI";"NUEVO ";"SI";"SI";"6";"MAYOR A VIS";"CONINSA RAMON H";"NULL";"NULL";"NULL";0;0;"";456
282;"Apartamento";"Compra ";"LA RIVIERE";"Calle 20 No. 43G - 117";284618897;"84";"2";"3";"SI";"SI";"NULL";"SI";"SI";"SI";"SI";"NULL";"SI";"NUEVO ";"SI";"SI";"6";"MAYOR A VIS";"CONINSA RAMON H";"NULL";"NULL";"NULL";0;0;"";456
283;"Apartamento";"Compra ";"LA RIVIERE";"Calle 20 No. 43G - 117";669605066;"115";"3";"3";"SI";"SI";"NULL";"SI";"SI";"SI";"SI";"NULL";"SI";"NUEVO ";"SI";"SI";"6";"MAYOR A VIS";"CONINSA RAMON H";"NULL";"NULL";"NULL";0;0;"";456
284;"Apartamento";"Compra ";"BOSQUE DEL RIO";"Calle 18 No. 43G - 95";366000000;"55";"2";"2";"NULL";"SI";"SI";"NULL";"SI";"SI";"SI";"NULL";"NO";"NUEVO ";"SI";"SI";"6";"MAYOR A VIS";"CAPITAL";"NULL";"NULL";"NULL";0;0;"";456
285;"Apartamento";"Compra ";"LA RIVIERE";"Calle 20 No. 43G - 117";284618897;"42";"1";"1";"SI";"SI";"NULL";"SI";"SI";"SI";"SI";"NULL";"SI";"NUEVO ";"SI";"SI";"6";"MAYOR A VIS";"CONINSA RAMON H";"NULL";"NULL";"NULL";0;0;"";457
286;"Apartamento";"Compra ";"LA RIVIERE";"Calle 20 No. 43G - 117";284618897;"84";"2";"3";"SI";"SI";"NULL";"SI";"SI";"SI";"SI";"NULL";"SI";"NUEVO ";"SI";"SI";"6";"MAYOR A VIS";"CONINSA RAMON H";"NULL";"NULL";"NULL";0;0;"";457
287;"Apartamento";"Compra ";"LA RIVIERE";"Calle 20 No. 43G - 117";669605066;"115";"3";"3";"SI";"SI";"NULL";"SI";"SI";"SI";"SI";"NULL";"SI";"NUEVO ";"SI";"SI";"6";"MAYOR A VIS";"CONINSA RAMON H";"NULL";"NULL";"NULL";0;0;"";457
288;"Apartamento";"Compra ";"BOSQUE DEL RIO";"Calle 18 No. 43G - 95";366000000;"55";"2";"2";"NULL";"SI";"SI";"NULL";"SI";"SI";"SI";"NULL";"NO";"NUEVO ";"SI";"SI";"6";"MAYOR A VIS";"CAPITAL";"NULL";"NULL";"NULL";0;0;"";457
289;"Apartamento";"Arriendo ";"Plaza del rio ";"Calle 19 #43G-80 ";2200000;"111";"4";"3";"SI";"SI";"SI";"SI";"SI";"SI";"SI";"NO";"NO";"";"SI";"SI";"5";"NULL";"NULL";"NULL";"NULL";"NULL";0;0;"";456
290;"Apartamento";"Arriendo ";"Plaza del rio ";"Calle 19 #43G-81";1800000;"73";"3";"3";"SI";"SI";"SI";"SI";"SI";"SI";"SI";"NO";"NO";"";"SI";"SI";"6";"NULL";"NULL";"NULL";"NULL";"NULL";0;0;"";456
291;"Apartamento";"Arriendo ";"Reservas del rio ";"Carrera 44 #18-56";2500000;"90";"3";"3";"SI";"SI";"SI";"SI";"SI";"SI";"SI";"NO";"NO";"";"SI";"SI";"6";"NULL";"NULL";"NULL";"NULL";"NULL";0;0;"";456
292;"Apartamento";"Arriendo ";"Plaza del rio ";"Calle 19 #43G-80 ";1750000;"85";"3";"2";"SI";"SI";"SI";"SI";"SI";"SI";"SI";"NO";"NO";"";"SI";"SI";"5";"NULL";"NULL";"NULL";"NULL";"NULL";0;0;"";456
293;"Apartamento";"Arriendo ";"Plaza del rio ";"Calle 19 #43G-80 ";2200000;"111";"4";"3";"SI";"SI";"SI";"SI";"SI";"SI";"SI";"NO";"NO";"";"SI";"SI";"5";"NULL";"NULL";"NULL";"NULL";"NULL";0;0;"";457
294;"Apartamento";"Arriendo ";"Plaza del rio ";"Calle 19 #43G-81";1800000;"73";"3";"3";"SI";"SI";"SI";"SI";"SI";"SI";"SI";"NO";"NO";"";"SI";"SI";"6";"NULL";"NULL";"NULL";"NULL";"NULL";0;0;"";457
295;"Apartamento";"Arriendo ";"Reservas del rio ";"Carrera 44 #18-56";2500000;"90";"3";"3";"SI";"SI";"SI";"SI";"SI";"SI";"SI";"NO";"NO";"";"SI";"SI";"6";"NULL";"NULL";"NULL";"NULL";"NULL";0;0;"";457
296;"Apartamento";"Arriendo ";"Plaza del rio ";"Calle 19 #43G-80 ";1750000;"85";"3";"2";"SI";"SI";"SI";"SI";"SI";"SI";"SI";"NO";"NO";"";"SI";"SI";"5";"NULL";"NULL";"NULL";"NULL";"NULL";0;0;"";457
297;"Apartamento";"Compra";"Plaza del rio ";"Calle 19 #43G-80 ";1750000;"120";"4";"3";"NO";"SI";"NO";"SI";"NO";"NO";"NO";"SI";"NO";"";"NO";"SI";"5";"";"";"";"";"";0;0;"";82
